{"cameraMode":{"drawMode":0,"name":"Shaded","section":"Shading Mode"},"sceneLighting":true,"audioPlay":false,"sceneViewState":{"showFog":true,"showMaterialUpdate":false,"showSkybox":true,"showFlares":true,"showImageEffects":true,"showParticleSystems":true,"showVisualEffectGraphs":true,"m_FxEnabled":true},"in2DMode":false,"pivot":{"x":116.45272827148438,"y":17.36129379272461,"z":119.82439422607422},"rotation":{"x":0.31447866559028628,"y":0.17186439037322999,"z":-0.05800514295697212,"w":0.9317761063575745},"size":35.62066650390625,"orthographic":false}