{"cameraMode":{"drawMode":0,"name":"Shaded","section":"Shading Mode"},"sceneLighting":true,"audioPlay":false,"sceneViewState":{"showFog":true,"showMaterialUpdate":false,"showSkybox":true,"showFlares":true,"showImageEffects":true,"showParticleSystems":true},"in2DMode":false,"pivot":{"x":123.38589477539063,"y":-67.78619384765625,"z":153.20156860351563},"rotation":{"x":0.4153084456920624,"y":0.3787146806716919,"z":-0.19572137296199799,"w":0.8036096096038818},"size":119.93882751464844,"orthographic":false}