{"cameraMode":{"drawMode":0,"name":"Shaded","section":"Shading Mode"},"sceneLighting":true,"audioPlay":false,"sceneViewState":{"showFog":true,"showMaterialUpdate":false,"showSkybox":true,"showFlares":true,"showImageEffects":true,"showParticleSystems":true},"in2DMode":false,"pivot":{"x":-687.67529296875,"y":167.65240478515626,"z":1415.17626953125},"rotation":{"x":0.24087440967559815,"y":0.4736188054084778,"z":-0.13644778728485108,"w":0.8360918760299683},"size":895.0888061523438,"orthographic":false}